ampur,specialpp_code,specialpp_label,icd_code,icd_category,patient_count
ควนกาหลง,1B030,ทำร้ายตนเองรุนแรง (1B030),F15,ติดยาบ้า Amphetamine (F15),2
ควนกาหลง,1B030,ทำร้ายตนเองรุนแรง (1B030),F19,"ติดสารเสพติดอื่นๆ (F11,F12,F13,F14,F16,F17,F18,F19)",3
ควนกาหลง,1B030,ทำร้ายตนเองรุนแรง (1B030),F29,โรคจิตอื่นๆ (F21-F29),2
ควนกาหลง,1B030,ทำร้ายตนเองรุนแรง (1B030),F32,"โรคซึมเศร้า (F32,F33,F341,F38,F39)",1
ควนกาหลง,1B031,ทำร้ายผู้อื่น/ก่อเหตุรุนแรง (1B031),F09,"โรคทางจิตเวชอื่นๆ (F04-F09,F50-F69,F80,F82-F83,F88-F89,F91-F99 ยกเว้น F638,F988)",3
ควนกาหลง,1B031,ทำร้ายผู้อื่น/ก่อเหตุรุนแรง (1B031),F10,ติดแอลกอฮอล์ (F10),1
ควนกาหลง,1B031,ทำร้ายผู้อื่น/ก่อเหตุรุนแรง (1B031),F12,"ติดสารเสพติดอื่นๆ (F11,F12,F13,F14,F16,F17,F18,F19)",2
ควนกาหลง,1B031,ทำร้ายผู้อื่น/ก่อเหตุรุนแรง (1B031),F15,ติดยาบ้า Amphetamine (F15),7
ควนกาหลง,1B031,ทำร้ายผู้อื่น/ก่อเหตุรุนแรง (1B031),F19,"ติดสารเสพติดอื่นๆ (F11,F12,F13,F14,F16,F17,F18,F19)",5
ควนกาหลง,1B031,ทำร้ายผู้อื่น/ก่อเหตุรุนแรง (1B031),F20,โรคจิตเภท (F20),11
ควนกาหลง,1B031,ทำร้ายผู้อื่น/ก่อเหตุรุนแรง (1B031),F21,โรคจิตอื่นๆ (F21-F29),1
ควนกาหลง,1B031,ทำร้ายผู้อื่น/ก่อเหตุรุนแรง (1B031),F23,โรคจิตอื่นๆ (F21-F29),2
ควนกาหลง,1B031,ทำร้ายผู้อื่น/ก่อเหตุรุนแรง (1B031),F29,โรคจิตอื่นๆ (F21-F29),12
ควนกาหลง,1B031,ทำร้ายผู้อื่น/ก่อเหตุรุนแรง (1B031),F31,โรคอารมณ์สองขั้ว (F31),2
ควนกาหลง,1B031,ทำร้ายผู้อื่น/ก่อเหตุรุนแรง (1B031),F32,"โรคซึมเศร้า (F32,F33,F341,F38,F39)",3
ควนกาหลง,1B031,ทำร้ายผู้อื่น/ก่อเหตุรุนแรง (1B031),F41,โรควิตกกังวล (F40-F48),1
ควนกาหลง,1B031,ทำร้ายผู้อื่น/ก่อเหตุรุนแรง (1B031),F51,"โรคทางจิตเวชอื่นๆ (F04-F09,F50-F69,F80,F82-F83,F88-F89,F91-F99 ยกเว้น F638,F988)",2
ควนกาหลง,1B031,ทำร้ายผู้อื่น/ก่อเหตุรุนแรง (1B031),F54,"โรคทางจิตเวชอื่นๆ (F04-F09,F50-F69,F80,F82-F83,F88-F89,F91-F99 ยกเว้น F638,F988)",3
ควนกาหลง,1B031,ทำร้ายผู้อื่น/ก่อเหตุรุนแรง (1B031),F55,"โรคทางจิตเวชอื่นๆ (F04-F09,F50-F69,F80,F82-F83,F88-F89,F91-F99 ยกเว้น F638,F988)",1
ควนกาหลง,1B031,ทำร้ายผู้อื่น/ก่อเหตุรุนแรง (1B031),F62,"โรคทางจิตเวชอื่นๆ (F04-F09,F50-F69,F80,F82-F83,F88-F89,F91-F99 ยกเว้น F638,F988)",1
ควนกาหลง,1B032,หลงผิด มุ่งร้ายเฉพาะเจาะจง (1B032),F20,โรคจิตเภท (F20),2
ควนกาหลง,1B032,หลงผิด มุ่งร้ายเฉพาะเจาะจง (1B032),F21,โรคจิตอื่นๆ (F21-F29),1
ควนกาหลง,1B032,หลงผิด มุ่งร้ายเฉพาะเจาะจง (1B032),F29,โรคจิตอื่นๆ (F21-F29),1
ควนกาหลง,1B032,หลงผิด มุ่งร้ายเฉพาะเจาะจง (1B032),F51,"โรคทางจิตเวชอื่นๆ (F04-F09,F50-F69,F80,F82-F83,F88-F89,F91-F99 ยกเว้น F638,F988)",1
ควนกาหลง,1B037,ก่อเหตุรุนแรงแล้ว ได้รับการติดตาม (1B037),F09,"โรคทางจิตเวชอื่นๆ (F04-F09,F50-F69,F80,F82-F83,F88-F89,F91-F99 ยกเว้น F638,F988)",3
ควนกาหลง,1B037,ก่อเหตุรุนแรงแล้ว ได้รับการติดตาม (1B037),F10,ติดแอลกอฮอล์ (F10),1
ควนกาหลง,1B037,ก่อเหตุรุนแรงแล้ว ได้รับการติดตาม (1B037),F12,"ติดสารเสพติดอื่นๆ (F11,F12,F13,F14,F16,F17,F18,F19)",2
ควนกาหลง,1B037,ก่อเหตุรุนแรงแล้ว ได้รับการติดตาม (1B037),F15,ติดยาบ้า Amphetamine (F15),7
ควนกาหลง,1B037,ก่อเหตุรุนแรงแล้ว ได้รับการติดตาม (1B037),F19,"ติดสารเสพติดอื่นๆ (F11,F12,F13,F14,F16,F17,F18,F19)",5
ควนกาหลง,1B037,ก่อเหตุรุนแรงแล้ว ได้รับการติดตาม (1B037),F20,โรคจิตเภท (F20),11
ควนกาหลง,1B037,ก่อเหตุรุนแรงแล้ว ได้รับการติดตาม (1B037),F21,โรคจิตอื่นๆ (F21-F29),1
ควนกาหลง,1B037,ก่อเหตุรุนแรงแล้ว ได้รับการติดตาม (1B037),F23,โรคจิตอื่นๆ (F21-F29),2
ควนกาหลง,1B037,ก่อเหตุรุนแรงแล้ว ได้รับการติดตาม (1B037),F29,โรคจิตอื่นๆ (F21-F29),11
ควนกาหลง,1B037,ก่อเหตุรุนแรงแล้ว ได้รับการติดตาม (1B037),F31,โรคอารมณ์สองขั้ว (F31),2
ควนกาหลง,1B037,ก่อเหตุรุนแรงแล้ว ได้รับการติดตาม (1B037),F32,"โรคซึมเศร้า (F32,F33,F341,F38,F39)",3
ควนกาหลง,1B037,ก่อเหตุรุนแรงแล้ว ได้รับการติดตาม (1B037),F41,โรควิตกกังวล (F40-F48),1
ควนกาหลง,1B037,ก่อเหตุรุนแรงแล้ว ได้รับการติดตาม (1B037),F51,"โรคทางจิตเวชอื่นๆ (F04-F09,F50-F69,F80,F82-F83,F88-F89,F91-F99 ยกเว้น F638,F988)",2
ควนกาหลง,1B037,ก่อเหตุรุนแรงแล้ว ได้รับการติดตาม (1B037),F54,"โรคทางจิตเวชอื่นๆ (F04-F09,F50-F69,F80,F82-F83,F88-F89,F91-F99 ยกเว้น F638,F988)",3
ควนกาหลง,1B037,ก่อเหตุรุนแรงแล้ว ได้รับการติดตาม (1B037),F55,"โรคทางจิตเวชอื่นๆ (F04-F09,F50-F69,F80,F82-F83,F88-F89,F91-F99 ยกเว้น F638,F988)",1
ควนกาหลง,1B037,ก่อเหตุรุนแรงแล้ว ได้รับการติดตาม (1B037),F62,"โรคทางจิตเวชอื่นๆ (F04-F09,F50-F69,F80,F82-F83,F88-F89,F91-F99 ยกเว้น F638,F988)",1
ควนโดน,1B030,ทำร้ายตนเองรุนแรง (1B030),F03,โรคสมองเสื่อม (F00-F03),1
ควนโดน,1B030,ทำร้ายตนเองรุนแรง (1B030),F12,"ติดสารเสพติดอื่นๆ (F11,F12,F13,F14,F16,F17,F18,F19)",1
ควนโดน,1B030,ทำร้ายตนเองรุนแรง (1B030),F15,ติดยาบ้า Amphetamine (F15),1
ควนโดน,1B030,ทำร้ายตนเองรุนแรง (1B030),F19,"ติดสารเสพติดอื่นๆ (F11,F12,F13,F14,F16,F17,F18,F19)",1
ควนโดน,1B030,ทำร้ายตนเองรุนแรง (1B030),F31,โรคอารมณ์สองขั้ว (F31),1
ควนโดน,1B030,ทำร้ายตนเองรุนแรง (1B030),F32,"โรคซึมเศร้า (F32,F33,F341,F38,F39)",10
ควนโดน,1B030,ทำร้ายตนเองรุนแรง (1B030),F43,โรควิตกกังวล (F40-F48),2
ควนโดน,1B030,ทำร้ายตนเองรุนแรง (1B030),X60,พยายามฆ่าตัวตาย/ตั้งใจทำร้ายตนเอง (X60-X84),3
ควนโดน,1B030,ทำร้ายตนเองรุนแรง (1B030),X70,พยายามฆ่าตัวตาย/ตั้งใจทำร้ายตนเอง (X60-X84),1
ควนโดน,1B030,ทำร้ายตนเองรุนแรง (1B030),X78,พยายามฆ่าตัวตาย/ตั้งใจทำร้ายตนเอง (X60-X84),2
ควนโดน,1B031,ทำร้ายผู้อื่น/ก่อเหตุรุนแรง (1B031),F12,"ติดสารเสพติดอื่นๆ (F11,F12,F13,F14,F16,F17,F18,F19)",1
ควนโดน,1B031,ทำร้ายผู้อื่น/ก่อเหตุรุนแรง (1B031),F15,ติดยาบ้า Amphetamine (F15),3
ควนโดน,1B031,ทำร้ายผู้อื่น/ก่อเหตุรุนแรง (1B031),F19,"ติดสารเสพติดอื่นๆ (F11,F12,F13,F14,F16,F17,F18,F19)",4
ควนโดน,1B031,ทำร้ายผู้อื่น/ก่อเหตุรุนแรง (1B031),F29,โรคจิตอื่นๆ (F21-F29),2
ควนโดน,1B031,ทำร้ายผู้อื่น/ก่อเหตุรุนแรง (1B031),F54,"โรคทางจิตเวชอื่นๆ (F04-F09,F50-F69,F80,F82-F83,F88-F89,F91-F99 ยกเว้น F638,F988)",1
ควนโดน,1B036,พบว่าปกติ (1B036),F06,"โรคทางจิตเวชอื่นๆ (F04-F09,F50-F69,F80,F82-F83,F88-F89,F91-F99 ยกเว้น F638,F988)",1
ควนโดน,1B036,พบว่าปกติ (1B036),F09,"โรคทางจิตเวชอื่นๆ (F04-F09,F50-F69,F80,F82-F83,F88-F89,F91-F99 ยกเว้น F638,F988)",1
ควนโดน,1B036,พบว่าปกติ (1B036),F12,"ติดสารเสพติดอื่นๆ (F11,F12,F13,F14,F16,F17,F18,F19)",1
ควนโดน,1B036,พบว่าปกติ (1B036),F15,ติดยาบ้า Amphetamine (F15),6
ควนโดน,1B036,พบว่าปกติ (1B036),F19,"ติดสารเสพติดอื่นๆ (F11,F12,F13,F14,F16,F17,F18,F19)",16
ควนโดน,1B036,พบว่าปกติ (1B036),F20,โรคจิตเภท (F20),4
ควนโดน,1B036,พบว่าปกติ (1B036),F29,โรคจิตอื่นๆ (F21-F29),1
ควนโดน,1B036,พบว่าปกติ (1B036),F31,โรคอารมณ์สองขั้ว (F31),1
ควนโดน,1B036,พบว่าปกติ (1B036),F32,"โรคซึมเศร้า (F32,F33,F341,F38,F39)",9
ควนโดน,1B036,พบว่าปกติ (1B036),F39,"โรคซึมเศร้า (F32,F33,F341,F38,F39)",1
ควนโดน,1B036,พบว่าปกติ (1B036),F43,โรควิตกกังวล (F40-F48),1
ควนโดน,1B036,พบว่าปกติ (1B036),X60,พยายามฆ่าตัวตาย/ตั้งใจทำร้ายตนเอง (X60-X84),2
ควนโดน,1B037,ก่อเหตุรุนแรงแล้ว ได้รับการติดตาม (1B037),F03,โรคสมองเสื่อม (F00-F03),1
ควนโดน,1B037,ก่อเหตุรุนแรงแล้ว ได้รับการติดตาม (1B037),F12,"ติดสารเสพติดอื่นๆ (F11,F12,F13,F14,F16,F17,F18,F19)",2
ควนโดน,1B037,ก่อเหตุรุนแรงแล้ว ได้รับการติดตาม (1B037),F15,ติดยาบ้า Amphetamine (F15),2
ควนโดน,1B037,ก่อเหตุรุนแรงแล้ว ได้รับการติดตาม (1B037),F19,"ติดสารเสพติดอื่นๆ (F11,F12,F13,F14,F16,F17,F18,F19)",4
ควนโดน,1B037,ก่อเหตุรุนแรงแล้ว ได้รับการติดตาม (1B037),F29,โรคจิตอื่นๆ (F21-F29),2
ควนโดน,1B037,ก่อเหตุรุนแรงแล้ว ได้รับการติดตาม (1B037),F31,โรคอารมณ์สองขั้ว (F31),1
ควนโดน,1B037,ก่อเหตุรุนแรงแล้ว ได้รับการติดตาม (1B037),F32,"โรคซึมเศร้า (F32,F33,F341,F38,F39)",10
ควนโดน,1B037,ก่อเหตุรุนแรงแล้ว ได้รับการติดตาม (1B037),F43,โรควิตกกังวล (F40-F48),2
ควนโดน,1B037,ก่อเหตุรุนแรงแล้ว ได้รับการติดตาม (1B037),F54,"โรคทางจิตเวชอื่นๆ (F04-F09,F50-F69,F80,F82-F83,F88-F89,F91-F99 ยกเว้น F638,F988)",1
ควนโดน,1B037,ก่อเหตุรุนแรงแล้ว ได้รับการติดตาม (1B037),X60,พยายามฆ่าตัวตาย/ตั้งใจทำร้ายตนเอง (X60-X84),3
ควนโดน,1B037,ก่อเหตุรุนแรงแล้ว ได้รับการติดตาม (1B037),X78,พยายามฆ่าตัวตาย/ตั้งใจทำร้ายตนเอง (X60-X84),2
ทุ่งหว้า,1B030,ทำร้ายตนเองรุนแรง (1B030),F20,โรคจิตเภท (F20),1
ทุ่งหว้า,1B030,ทำร้ายตนเองรุนแรง (1B030),F32,"โรคซึมเศร้า (F32,F33,F341,F38,F39)",2
ทุ่งหว้า,1B030,ทำร้ายตนเองรุนแรง (1B030),F41,โรควิตกกังวล (F40-F48),1
ทุ่งหว้า,1B030,ทำร้ายตนเองรุนแรง (1B030),F54,"โรคทางจิตเวชอื่นๆ (F04-F09,F50-F69,F80,F82-F83,F88-F89,F91-F99 ยกเว้น F638,F988)",1
ทุ่งหว้า,1B030,ทำร้ายตนเองรุนแรง (1B030),F81,ความบกพร่องทางการเรียนรู้ (F81),1
ทุ่งหว้า,1B030,ทำร้ายตนเองรุนแรง (1B030),X61,พยายามฆ่าตัวตาย/ตั้งใจทำร้ายตนเอง (X60-X84),1
ทุ่งหว้า,1B031,ทำร้ายผู้อื่น/ก่อเหตุรุนแรง (1B031),F09,"โรคทางจิตเวชอื่นๆ (F04-F09,F50-F69,F80,F82-F83,F88-F89,F91-F99 ยกเว้น F638,F988)",2
ทุ่งหว้า,1B031,ทำร้ายผู้อื่น/ก่อเหตุรุนแรง (1B031),F12,"ติดสารเสพติดอื่นๆ (F11,F12,F13,F14,F16,F17,F18,F19)",1
ทุ่งหว้า,1B031,ทำร้ายผู้อื่น/ก่อเหตุรุนแรง (1B031),F15,ติดยาบ้า Amphetamine (F15),4
ทุ่งหว้า,1B031,ทำร้ายผู้อื่น/ก่อเหตุรุนแรง (1B031),F19,"ติดสารเสพติดอื่นๆ (F11,F12,F13,F14,F16,F17,F18,F19)",3
ทุ่งหว้า,1B031,ทำร้ายผู้อื่น/ก่อเหตุรุนแรง (1B031),F20,โรคจิตเภท (F20),14
ทุ่งหว้า,1B031,ทำร้ายผู้อื่น/ก่อเหตุรุนแรง (1B031),F23,โรคจิตอื่นๆ (F21-F29),3
ทุ่งหว้า,1B031,ทำร้ายผู้อื่น/ก่อเหตุรุนแรง (1B031),F25,โรคจิตอื่นๆ (F21-F29),1
ทุ่งหว้า,1B031,ทำร้ายผู้อื่น/ก่อเหตุรุนแรง (1B031),F29,โรคจิตอื่นๆ (F21-F29),5
ทุ่งหว้า,1B031,ทำร้ายผู้อื่น/ก่อเหตุรุนแรง (1B031),F32,"โรคซึมเศร้า (F32,F33,F341,F38,F39)",1
ทุ่งหว้า,1B031,ทำร้ายผู้อื่น/ก่อเหตุรุนแรง (1B031),F41,โรควิตกกังวล (F40-F48),1
ทุ่งหว้า,1B031,ทำร้ายผู้อื่น/ก่อเหตุรุนแรง (1B031),F51,"โรคทางจิตเวชอื่นๆ (F04-F09,F50-F69,F80,F82-F83,F88-F89,F91-F99 ยกเว้น F638,F988)",2
ทุ่งหว้า,1B031,ทำร้ายผู้อื่น/ก่อเหตุรุนแรง (1B031),F54,"โรคทางจิตเวชอื่นๆ (F04-F09,F50-F69,F80,F82-F83,F88-F89,F91-F99 ยกเว้น F638,F988)",1
ทุ่งหว้า,1B031,ทำร้ายผู้อื่น/ก่อเหตุรุนแรง (1B031),F62,"โรคทางจิตเวชอื่นๆ (F04-F09,F50-F69,F80,F82-F83,F88-F89,F91-F99 ยกเว้น F638,F988)",2
ทุ่งหว้า,1B031,ทำร้ายผู้อื่น/ก่อเหตุรุนแรง (1B031),X61,พยายามฆ่าตัวตาย/ตั้งใจทำร้ายตนเอง (X60-X84),1
ทุ่งหว้า,1B031,ทำร้ายผู้อื่น/ก่อเหตุรุนแรง (1B031),X78,พยายามฆ่าตัวตาย/ตั้งใจทำร้ายตนเอง (X60-X84),1
ทุ่งหว้า,1B032,หลงผิด มุ่งร้ายเฉพาะเจาะจง (1B032),F05,"โรคทางจิตเวชอื่นๆ (F04-F09,F50-F69,F80,F82-F83,F88-F89,F91-F99 ยกเว้น F638,F988)",1
ทุ่งหว้า,1B032,หลงผิด มุ่งร้ายเฉพาะเจาะจง (1B032),F09,"โรคทางจิตเวชอื่นๆ (F04-F09,F50-F69,F80,F82-F83,F88-F89,F91-F99 ยกเว้น F638,F988)",2
ทุ่งหว้า,1B032,หลงผิด มุ่งร้ายเฉพาะเจาะจง (1B032),F11,"ติดสารเสพติดอื่นๆ (F11,F12,F13,F14,F16,F17,F18,F19)",1
ทุ่งหว้า,1B032,หลงผิด มุ่งร้ายเฉพาะเจาะจง (1B032),F19,"ติดสารเสพติดอื่นๆ (F11,F12,F13,F14,F16,F17,F18,F19)",1
ทุ่งหว้า,1B032,หลงผิด มุ่งร้ายเฉพาะเจาะจง (1B032),F20,โรคจิตเภท (F20),1
ทุ่งหว้า,1B032,หลงผิด มุ่งร้ายเฉพาะเจาะจง (1B032),F25,โรคจิตอื่นๆ (F21-F29),1
ทุ่งหว้า,1B032,หลงผิด มุ่งร้ายเฉพาะเจาะจง (1B032),F29,โรคจิตอื่นๆ (F21-F29),1
ทุ่งหว้า,1B032,หลงผิด มุ่งร้ายเฉพาะเจาะจง (1B032),F31,โรคอารมณ์สองขั้ว (F31),1
ทุ่งหว้า,1B032,หลงผิด มุ่งร้ายเฉพาะเจาะจง (1B032),F62,"โรคทางจิตเวชอื่นๆ (F04-F09,F50-F69,F80,F82-F83,F88-F89,F91-F99 ยกเว้น F638,F988)",1
ทุ่งหว้า,1B032,หลงผิด มุ่งร้ายเฉพาะเจาะจง (1B032),X61,พยายามฆ่าตัวตาย/ตั้งใจทำร้ายตนเอง (X60-X84),1
ทุ่งหว้า,1B033,ก่อคดีอาชญากรรมรุนแรง (1B033),F05,"โรคทางจิตเวชอื่นๆ (F04-F09,F50-F69,F80,F82-F83,F88-F89,F91-F99 ยกเว้น F638,F988)",1
ทุ่งหว้า,1B033,ก่อคดีอาชญากรรมรุนแรง (1B033),F09,"โรคทางจิตเวชอื่นๆ (F04-F09,F50-F69,F80,F82-F83,F88-F89,F91-F99 ยกเว้น F638,F988)",2
ทุ่งหว้า,1B033,ก่อคดีอาชญากรรมรุนแรง (1B033),F11,"ติดสารเสพติดอื่นๆ (F11,F12,F13,F14,F16,F17,F18,F19)",1
ทุ่งหว้า,1B033,ก่อคดีอาชญากรรมรุนแรง (1B033),F19,"ติดสารเสพติดอื่นๆ (F11,F12,F13,F14,F16,F17,F18,F19)",1
ทุ่งหว้า,1B033,ก่อคดีอาชญากรรมรุนแรง (1B033),F20,โรคจิตเภท (F20),3
ทุ่งหว้า,1B033,ก่อคดีอาชญากรรมรุนแรง (1B033),F23,โรคจิตอื่นๆ (F21-F29),1
ทุ่งหว้า,1B033,ก่อคดีอาชญากรรมรุนแรง (1B033),F25,โรคจิตอื่นๆ (F21-F29),1
ทุ่งหว้า,1B033,ก่อคดีอาชญากรรมรุนแรง (1B033),F29,โรคจิตอื่นๆ (F21-F29),1
ทุ่งหว้า,1B033,ก่อคดีอาชญากรรมรุนแรง (1B033),X61,พยายามฆ่าตัวตาย/ตั้งใจทำร้ายตนเอง (X60-X84),1
ทุ่งหว้า,1B036,พบว่าปกติ (1B036),F05,"โรคทางจิตเวชอื่นๆ (F04-F09,F50-F69,F80,F82-F83,F88-F89,F91-F99 ยกเว้น F638,F988)",1
ทุ่งหว้า,1B036,พบว่าปกติ (1B036),F09,"โรคทางจิตเวชอื่นๆ (F04-F09,F50-F69,F80,F82-F83,F88-F89,F91-F99 ยกเว้น F638,F988)",1
ทุ่งหว้า,1B036,พบว่าปกติ (1B036),F11,"ติดสารเสพติดอื่นๆ (F11,F12,F13,F14,F16,F17,F18,F19)",1
ทุ่งหว้า,1B036,พบว่าปกติ (1B036),F20,โรคจิตเภท (F20),2
ทุ่งหว้า,1B036,พบว่าปกติ (1B036),F29,โรคจิตอื่นๆ (F21-F29),1
ทุ่งหว้า,1B036,พบว่าปกติ (1B036),X61,พยายามฆ่าตัวตาย/ตั้งใจทำร้ายตนเอง (X60-X84),1
ทุ่งหว้า,1B037,ก่อเหตุรุนแรงแล้ว ได้รับการติดตาม (1B037),F05,"โรคทางจิตเวชอื่นๆ (F04-F09,F50-F69,F80,F82-F83,F88-F89,F91-F99 ยกเว้น F638,F988)",1
ทุ่งหว้า,1B037,ก่อเหตุรุนแรงแล้ว ได้รับการติดตาม (1B037),F09,"โรคทางจิตเวชอื่นๆ (F04-F09,F50-F69,F80,F82-F83,F88-F89,F91-F99 ยกเว้น F638,F988)",3
ทุ่งหว้า,1B037,ก่อเหตุรุนแรงแล้ว ได้รับการติดตาม (1B037),F11,"ติดสารเสพติดอื่นๆ (F11,F12,F13,F14,F16,F17,F18,F19)",1
ทุ่งหว้า,1B037,ก่อเหตุรุนแรงแล้ว ได้รับการติดตาม (1B037),F12,"ติดสารเสพติดอื่นๆ (F11,F12,F13,F14,F16,F17,F18,F19)",1
ทุ่งหว้า,1B037,ก่อเหตุรุนแรงแล้ว ได้รับการติดตาม (1B037),F15,ติดยาบ้า Amphetamine (F15),4
ทุ่งหว้า,1B037,ก่อเหตุรุนแรงแล้ว ได้รับการติดตาม (1B037),F19,"ติดสารเสพติดอื่นๆ (F11,F12,F13,F14,F16,F17,F18,F19)",3
ทุ่งหว้า,1B037,ก่อเหตุรุนแรงแล้ว ได้รับการติดตาม (1B037),F20,โรคจิตเภท (F20),18
ทุ่งหว้า,1B037,ก่อเหตุรุนแรงแล้ว ได้รับการติดตาม (1B037),F23,โรคจิตอื่นๆ (F21-F29),4
ทุ่งหว้า,1B037,ก่อเหตุรุนแรงแล้ว ได้รับการติดตาม (1B037),F25,โรคจิตอื่นๆ (F21-F29),1
ทุ่งหว้า,1B037,ก่อเหตุรุนแรงแล้ว ได้รับการติดตาม (1B037),F29,โรคจิตอื่นๆ (F21-F29),6
ทุ่งหว้า,1B037,ก่อเหตุรุนแรงแล้ว ได้รับการติดตาม (1B037),F31,โรคอารมณ์สองขั้ว (F31),1
ทุ่งหว้า,1B037,ก่อเหตุรุนแรงแล้ว ได้รับการติดตาม (1B037),F32,"โรคซึมเศร้า (F32,F33,F341,F38,F39)",2
ทุ่งหว้า,1B037,ก่อเหตุรุนแรงแล้ว ได้รับการติดตาม (1B037),F41,โรควิตกกังวล (F40-F48),1
ทุ่งหว้า,1B037,ก่อเหตุรุนแรงแล้ว ได้รับการติดตาม (1B037),F51,"โรคทางจิตเวชอื่นๆ (F04-F09,F50-F69,F80,F82-F83,F88-F89,F91-F99 ยกเว้น F638,F988)",2
ทุ่งหว้า,1B037,ก่อเหตุรุนแรงแล้ว ได้รับการติดตาม (1B037),F54,"โรคทางจิตเวชอื่นๆ (F04-F09,F50-F69,F80,F82-F83,F88-F89,F91-F99 ยกเว้น F638,F988)",1
ทุ่งหว้า,1B037,ก่อเหตุรุนแรงแล้ว ได้รับการติดตาม (1B037),F62,"โรคทางจิตเวชอื่นๆ (F04-F09,F50-F69,F80,F82-F83,F88-F89,F91-F99 ยกเว้น F638,F988)",3
ทุ่งหว้า,1B037,ก่อเหตุรุนแรงแล้ว ได้รับการติดตาม (1B037),F81,ความบกพร่องทางการเรียนรู้ (F81),1
ทุ่งหว้า,1B037,ก่อเหตุรุนแรงแล้ว ได้รับการติดตาม (1B037),X61,พยายามฆ่าตัวตาย/ตั้งใจทำร้ายตนเอง (X60-X84),2
ทุ่งหว้า,1B037,ก่อเหตุรุนแรงแล้ว ได้รับการติดตาม (1B037),X78,พยายามฆ่าตัวตาย/ตั้งใจทำร้ายตนเอง (X60-X84),1
มะนัง,1B031,ทำร้ายผู้อื่น/ก่อเหตุรุนแรง (1B031),F09,"โรคทางจิตเวชอื่นๆ (F04-F09,F50-F69,F80,F82-F83,F88-F89,F91-F99 ยกเว้น F638,F988)",1
มะนัง,1B031,ทำร้ายผู้อื่น/ก่อเหตุรุนแรง (1B031),F12,"ติดสารเสพติดอื่นๆ (F11,F12,F13,F14,F16,F17,F18,F19)",1
มะนัง,1B031,ทำร้ายผู้อื่น/ก่อเหตุรุนแรง (1B031),F15,ติดยาบ้า Amphetamine (F15),3
มะนัง,1B031,ทำร้ายผู้อื่น/ก่อเหตุรุนแรง (1B031),F19,"ติดสารเสพติดอื่นๆ (F11,F12,F13,F14,F16,F17,F18,F19)",1
มะนัง,1B031,ทำร้ายผู้อื่น/ก่อเหตุรุนแรง (1B031),F20,โรคจิตเภท (F20),8
มะนัง,1B031,ทำร้ายผู้อื่น/ก่อเหตุรุนแรง (1B031),F29,โรคจิตอื่นๆ (F21-F29),5
มะนัง,1B031,ทำร้ายผู้อื่น/ก่อเหตุรุนแรง (1B031),F31,โรคอารมณ์สองขั้ว (F31),1
มะนัง,1B031,ทำร้ายผู้อื่น/ก่อเหตุรุนแรง (1B031),F41,โรควิตกกังวล (F40-F48),3
มะนัง,1B031,ทำร้ายผู้อื่น/ก่อเหตุรุนแรง (1B031),F51,"โรคทางจิตเวชอื่นๆ (F04-F09,F50-F69,F80,F82-F83,F88-F89,F91-F99 ยกเว้น F638,F988)",1
มะนัง,1B031,ทำร้ายผู้อื่น/ก่อเหตุรุนแรง (1B031),F54,"โรคทางจิตเวชอื่นๆ (F04-F09,F50-F69,F80,F82-F83,F88-F89,F91-F99 ยกเว้น F638,F988)",1
มะนัง,1B032,หลงผิด มุ่งร้ายเฉพาะเจาะจง (1B032),F15,ติดยาบ้า Amphetamine (F15),1
มะนัง,1B032,หลงผิด มุ่งร้ายเฉพาะเจาะจง (1B032),F19,"ติดสารเสพติดอื่นๆ (F11,F12,F13,F14,F16,F17,F18,F19)",1
มะนัง,1B032,หลงผิด มุ่งร้ายเฉพาะเจาะจง (1B032),F20,โรคจิตเภท (F20),1
มะนัง,1B033,ก่อคดีอาชญากรรมรุนแรง (1B033),F20,โรคจิตเภท (F20),1
มะนัง,1B037,ก่อเหตุรุนแรงแล้ว ได้รับการติดตาม (1B037),F09,"โรคทางจิตเวชอื่นๆ (F04-F09,F50-F69,F80,F82-F83,F88-F89,F91-F99 ยกเว้น F638,F988)",1
มะนัง,1B037,ก่อเหตุรุนแรงแล้ว ได้รับการติดตาม (1B037),F15,ติดยาบ้า Amphetamine (F15),1
มะนัง,1B037,ก่อเหตุรุนแรงแล้ว ได้รับการติดตาม (1B037),F20,โรคจิตเภท (F20),5
มะนัง,1B037,ก่อเหตุรุนแรงแล้ว ได้รับการติดตาม (1B037),F29,โรคจิตอื่นๆ (F21-F29),1
มะนัง,1B037,ก่อเหตุรุนแรงแล้ว ได้รับการติดตาม (1B037),F41,โรควิตกกังวล (F40-F48),3
ละงู,1B030,ทำร้ายตนเองรุนแรง (1B030),F20,โรคจิตเภท (F20),1
ละงู,1B030,ทำร้ายตนเองรุนแรง (1B030),G40,โรคลมชัก (G40-G41),1
ละงู,1B031,ทำร้ายผู้อื่น/ก่อเหตุรุนแรง (1B031),F09,"โรคทางจิตเวชอื่นๆ (F04-F09,F50-F69,F80,F82-F83,F88-F89,F91-F99 ยกเว้น F638,F988)",2
ละงู,1B031,ทำร้ายผู้อื่น/ก่อเหตุรุนแรง (1B031),F15,ติดยาบ้า Amphetamine (F15),8
ละงู,1B031,ทำร้ายผู้อื่น/ก่อเหตุรุนแรง (1B031),F19,"ติดสารเสพติดอื่นๆ (F11,F12,F13,F14,F16,F17,F18,F19)",8
ละงู,1B031,ทำร้ายผู้อื่น/ก่อเหตุรุนแรง (1B031),F20,โรคจิตเภท (F20),10
ละงู,1B031,ทำร้ายผู้อื่น/ก่อเหตุรุนแรง (1B031),F23,โรคจิตอื่นๆ (F21-F29),1
ละงู,1B031,ทำร้ายผู้อื่น/ก่อเหตุรุนแรง (1B031),F29,โรคจิตอื่นๆ (F21-F29),6
ละงู,1B031,ทำร้ายผู้อื่น/ก่อเหตุรุนแรง (1B031),F32,"โรคซึมเศร้า (F32,F33,F341,F38,F39)",1
ละงู,1B031,ทำร้ายผู้อื่น/ก่อเหตุรุนแรง (1B031),F42,โรควิตกกังวล (F40-F48),1
ละงู,1B031,ทำร้ายผู้อื่น/ก่อเหตุรุนแรง (1B031),F79,ความบกพร่องทางสติปัญญา (F70-F79),1
ละงู,1B031,ทำร้ายผู้อื่น/ก่อเหตุรุนแรง (1B031),F83,"โรคทางจิตเวชอื่นๆ (F04-F09,F50-F69,F80,F82-F83,F88-F89,F91-F99 ยกเว้น F638,F988)",1
ละงู,1B032,หลงผิด มุ่งร้ายเฉพาะเจาะจง (1B032),F15,ติดยาบ้า Amphetamine (F15),1
ละงู,1B032,หลงผิด มุ่งร้ายเฉพาะเจาะจง (1B032),F19,"ติดสารเสพติดอื่นๆ (F11,F12,F13,F14,F16,F17,F18,F19)",1
ละงู,1B032,หลงผิด มุ่งร้ายเฉพาะเจาะจง (1B032),F20,โรคจิตเภท (F20),1
ละงู,1B033,ก่อคดีอาชญากรรมรุนแรง (1B033),F19,"ติดสารเสพติดอื่นๆ (F11,F12,F13,F14,F16,F17,F18,F19)",2
ละงู,1B033,ก่อคดีอาชญากรรมรุนแรง (1B033),F29,โรคจิตอื่นๆ (F21-F29),1
ละงู,1B033,ก่อคดีอาชญากรรมรุนแรง (1B033),F99,"โรคทางจิตเวชอื่นๆ (F04-F09,F50-F69,F80,F82-F83,F88-F89,F91-F99 ยกเว้น F638,F988)",1
ละงู,1B036,พบว่าปกติ (1B036),F03,โรคสมองเสื่อม (F00-F03),3
ละงู,1B036,พบว่าปกติ (1B036),F05,"โรคทางจิตเวชอื่นๆ (F04-F09,F50-F69,F80,F82-F83,F88-F89,F91-F99 ยกเว้น F638,F988)",1
ละงู,1B036,พบว่าปกติ (1B036),F09,"โรคทางจิตเวชอื่นๆ (F04-F09,F50-F69,F80,F82-F83,F88-F89,F91-F99 ยกเว้น F638,F988)",6
ละงู,1B036,พบว่าปกติ (1B036),F10,ติดแอลกอฮอล์ (F10),5
ละงู,1B036,พบว่าปกติ (1B036),F12,"ติดสารเสพติดอื่นๆ (F11,F12,F13,F14,F16,F17,F18,F19)",6
ละงู,1B036,พบว่าปกติ (1B036),F13,"ติดสารเสพติดอื่นๆ (F11,F12,F13,F14,F16,F17,F18,F19)",1
ละงู,1B036,พบว่าปกติ (1B036),F15,ติดยาบ้า Amphetamine (F15),40
ละงู,1B036,พบว่าปกติ (1B036),F17,"ติดสารเสพติดอื่นๆ (F11,F12,F13,F14,F16,F17,F18,F19)",1
ละงู,1B036,พบว่าปกติ (1B036),F19,"ติดสารเสพติดอื่นๆ (F11,F12,F13,F14,F16,F17,F18,F19)",86
ละงู,1B036,พบว่าปกติ (1B036),F20,โรคจิตเภท (F20),282
ละงู,1B036,พบว่าปกติ (1B036),F22,โรคจิตอื่นๆ (F21-F29),5
ละงู,1B036,พบว่าปกติ (1B036),F23,โรคจิตอื่นๆ (F21-F29),14
ละงู,1B036,พบว่าปกติ (1B036),F24,โรคจิตอื่นๆ (F21-F29),1
ละงู,1B036,พบว่าปกติ (1B036),F25,โรคจิตอื่นๆ (F21-F29),1
ละงู,1B036,พบว่าปกติ (1B036),F29,โรคจิตอื่นๆ (F21-F29),67
ละงู,1B036,พบว่าปกติ (1B036),F31,โรคอารมณ์สองขั้ว (F31),26
ละงู,1B036,พบว่าปกติ (1B036),F32,"โรคซึมเศร้า (F32,F33,F341,F38,F39)",222
ละงู,1B036,พบว่าปกติ (1B036),F341,"โรคซึมเศร้า (F32,F33,F341,F38,F39)",1
ละงู,1B036,พบว่าปกติ (1B036),F39,"โรคซึมเศร้า (F32,F33,F341,F38,F39)",2
ละงู,1B036,พบว่าปกติ (1B036),F41,โรควิตกกังวล (F40-F48),65
ละงู,1B036,พบว่าปกติ (1B036),F43,โรควิตกกังวล (F40-F48),17
ละงู,1B036,พบว่าปกติ (1B036),F45,โรควิตกกังวล (F40-F48),3
ละงู,1B036,พบว่าปกติ (1B036),F50,"โรคทางจิตเวชอื่นๆ (F04-F09,F50-F69,F80,F82-F83,F88-F89,F91-F99 ยกเว้น F638,F988)",1
ละงู,1B036,พบว่าปกติ (1B036),F51,"โรคทางจิตเวชอื่นๆ (F04-F09,F50-F69,F80,F82-F83,F88-F89,F91-F99 ยกเว้น F638,F988)",15
ละงู,1B036,พบว่าปกติ (1B036),F54,"โรคทางจิตเวชอื่นๆ (F04-F09,F50-F69,F80,F82-F83,F88-F89,F91-F99 ยกเว้น F638,F988)",6
ละงู,1B036,พบว่าปกติ (1B036),F60,"โรคทางจิตเวชอื่นๆ (F04-F09,F50-F69,F80,F82-F83,F88-F89,F91-F99 ยกเว้น F638,F988)",1
ละงู,1B036,พบว่าปกติ (1B036),F62,"โรคทางจิตเวชอื่นๆ (F04-F09,F50-F69,F80,F82-F83,F88-F89,F91-F99 ยกเว้น F638,F988)",1
ละงู,1B036,พบว่าปกติ (1B036),F65,"โรคทางจิตเวชอื่นๆ (F04-F09,F50-F69,F80,F82-F83,F88-F89,F91-F99 ยกเว้น F638,F988)",1
ละงู,1B036,พบว่าปกติ (1B036),F70,ความบกพร่องทางสติปัญญา (F70-F79),4
ละงู,1B036,พบว่าปกติ (1B036),F81,ความบกพร่องทางการเรียนรู้ (F81),4
ละงู,1B036,พบว่าปกติ (1B036),F83,"โรคทางจิตเวชอื่นๆ (F04-F09,F50-F69,F80,F82-F83,F88-F89,F91-F99 ยกเว้น F638,F988)",1
ละงู,1B036,พบว่าปกติ (1B036),F90,โรคสมาธิสั้น (F90),2
ละงู,1B036,พบว่าปกติ (1B036),F91,"โรคทางจิตเวชอื่นๆ (F04-F09,F50-F69,F80,F82-F83,F88-F89,F91-F99 ยกเว้น F638,F988)",2
ละงู,1B036,พบว่าปกติ (1B036),G40,โรคลมชัก (G40-G41),12
ละงู,1B036,พบว่าปกติ (1B036),X60,พยายามฆ่าตัวตาย/ตั้งใจทำร้ายตนเอง (X60-X84),1
ละงู,1B036,พบว่าปกติ (1B036),X61,พยายามฆ่าตัวตาย/ตั้งใจทำร้ายตนเอง (X60-X84),6
ละงู,1B036,พบว่าปกติ (1B036),X63,พยายามฆ่าตัวตาย/ตั้งใจทำร้ายตนเอง (X60-X84),1
ละงู,1B036,พบว่าปกติ (1B036),X69,พยายามฆ่าตัวตาย/ตั้งใจทำร้ายตนเอง (X60-X84),2
ละงู,1B036,พบว่าปกติ (1B036),X78,พยายามฆ่าตัวตาย/ตั้งใจทำร้ายตนเอง (X60-X84),2
ละงู,1B036,พบว่าปกติ (1B036),X83,พยายามฆ่าตัวตาย/ตั้งใจทำร้ายตนเอง (X60-X84),1
ละงู,1B037,ก่อเหตุรุนแรงแล้ว ได้รับการติดตาม (1B037),F09,"โรคทางจิตเวชอื่นๆ (F04-F09,F50-F69,F80,F82-F83,F88-F89,F91-F99 ยกเว้น F638,F988)",2
ละงู,1B037,ก่อเหตุรุนแรงแล้ว ได้รับการติดตาม (1B037),F15,ติดยาบ้า Amphetamine (F15),10
ละงู,1B037,ก่อเหตุรุนแรงแล้ว ได้รับการติดตาม (1B037),F19,"ติดสารเสพติดอื่นๆ (F11,F12,F13,F14,F16,F17,F18,F19)",12
ละงู,1B037,ก่อเหตุรุนแรงแล้ว ได้รับการติดตาม (1B037),F20,โรคจิตเภท (F20),12
ละงู,1B037,ก่อเหตุรุนแรงแล้ว ได้รับการติดตาม (1B037),F23,โรคจิตอื่นๆ (F21-F29),1
ละงู,1B037,ก่อเหตุรุนแรงแล้ว ได้รับการติดตาม (1B037),F29,โรคจิตอื่นๆ (F21-F29),7
ละงู,1B037,ก่อเหตุรุนแรงแล้ว ได้รับการติดตาม (1B037),F31,โรคอารมณ์สองขั้ว (F31),1
ละงู,1B037,ก่อเหตุรุนแรงแล้ว ได้รับการติดตาม (1B037),F32,"โรคซึมเศร้า (F32,F33,F341,F38,F39)",2
ละงู,1B037,ก่อเหตุรุนแรงแล้ว ได้รับการติดตาม (1B037),F42,โรควิตกกังวล (F40-F48),1
ละงู,1B037,ก่อเหตุรุนแรงแล้ว ได้รับการติดตาม (1B037),F79,ความบกพร่องทางสติปัญญา (F70-F79),1
ละงู,1B037,ก่อเหตุรุนแรงแล้ว ได้รับการติดตาม (1B037),F83,"โรคทางจิตเวชอื่นๆ (F04-F09,F50-F69,F80,F82-F83,F88-F89,F91-F99 ยกเว้น F638,F988)",1
เมืองสตูล,1B030,ทำร้ายตนเองรุนแรง (1B030),F29,โรคจิตอื่นๆ (F21-F29),1
เมืองสตูล,1B030,ทำร้ายตนเองรุนแรง (1B030),F32,"โรคซึมเศร้า (F32,F33,F341,F38,F39)",2
เมืองสตูล,1B030,ทำร้ายตนเองรุนแรง (1B030),F33,"โรคซึมเศร้า (F32,F33,F341,F38,F39)",2
เมืองสตูล,1B030,ทำร้ายตนเองรุนแรง (1B030),F41,โรควิตกกังวล (F40-F48),1
เมืองสตูล,1B030,ทำร้ายตนเองรุนแรง (1B030),F51,"โรคทางจิตเวชอื่นๆ (F04-F09,F50-F69,F80,F82-F83,F88-F89,F91-F99 ยกเว้น F638,F988)",2
เมืองสตูล,1B030,ทำร้ายตนเองรุนแรง (1B030),F81,ความบกพร่องทางการเรียนรู้ (F81),1
เมืองสตูล,1B030,ทำร้ายตนเองรุนแรง (1B030),F84,โรคออทิสติก (F84),1
เมืองสตูล,1B031,ทำร้ายผู้อื่น/ก่อเหตุรุนแรง (1B031),F09,"โรคทางจิตเวชอื่นๆ (F04-F09,F50-F69,F80,F82-F83,F88-F89,F91-F99 ยกเว้น F638,F988)",10
เมืองสตูล,1B031,ทำร้ายผู้อื่น/ก่อเหตุรุนแรง (1B031),F10,ติดแอลกอฮอล์ (F10),3
เมืองสตูล,1B031,ทำร้ายผู้อื่น/ก่อเหตุรุนแรง (1B031),F15,ติดยาบ้า Amphetamine (F15),30
เมืองสตูล,1B031,ทำร้ายผู้อื่น/ก่อเหตุรุนแรง (1B031),F17,"ติดสารเสพติดอื่นๆ (F11,F12,F13,F14,F16,F17,F18,F19)",1
เมืองสตูล,1B031,ทำร้ายผู้อื่น/ก่อเหตุรุนแรง (1B031),F19,"ติดสารเสพติดอื่นๆ (F11,F12,F13,F14,F16,F17,F18,F19)",31
เมืองสตูล,1B031,ทำร้ายผู้อื่น/ก่อเหตุรุนแรง (1B031),F20,โรคจิตเภท (F20),22
เมืองสตูล,1B031,ทำร้ายผู้อื่น/ก่อเหตุรุนแรง (1B031),F23,โรคจิตอื่นๆ (F21-F29),3
เมืองสตูล,1B031,ทำร้ายผู้อื่น/ก่อเหตุรุนแรง (1B031),F29,โรคจิตอื่นๆ (F21-F29),25
เมืองสตูล,1B031,ทำร้ายผู้อื่น/ก่อเหตุรุนแรง (1B031),F32,"โรคซึมเศร้า (F32,F33,F341,F38,F39)",4
เมืองสตูล,1B031,ทำร้ายผู้อื่น/ก่อเหตุรุนแรง (1B031),F33,"โรคซึมเศร้า (F32,F33,F341,F38,F39)",1
เมืองสตูล,1B031,ทำร้ายผู้อื่น/ก่อเหตุรุนแรง (1B031),F41,โรควิตกกังวล (F40-F48),2
เมืองสตูล,1B031,ทำร้ายผู้อื่น/ก่อเหตุรุนแรง (1B031),F43,โรควิตกกังวล (F40-F48),2
เมืองสตูล,1B031,ทำร้ายผู้อื่น/ก่อเหตุรุนแรง (1B031),F51,"โรคทางจิตเวชอื่นๆ (F04-F09,F50-F69,F80,F82-F83,F88-F89,F91-F99 ยกเว้น F638,F988)",3
เมืองสตูล,1B031,ทำร้ายผู้อื่น/ก่อเหตุรุนแรง (1B031),F54,"โรคทางจิตเวชอื่นๆ (F04-F09,F50-F69,F80,F82-F83,F88-F89,F91-F99 ยกเว้น F638,F988)",3
เมืองสตูล,1B031,ทำร้ายผู้อื่น/ก่อเหตุรุนแรง (1B031),F55,"โรคทางจิตเวชอื่นๆ (F04-F09,F50-F69,F80,F82-F83,F88-F89,F91-F99 ยกเว้น F638,F988)",2
เมืองสตูล,1B031,ทำร้ายผู้อื่น/ก่อเหตุรุนแรง (1B031),F70,ความบกพร่องทางสติปัญญา (F70-F79),2
เมืองสตูล,1B031,ทำร้ายผู้อื่น/ก่อเหตุรุนแรง (1B031),F79,ความบกพร่องทางสติปัญญา (F70-F79),1
เมืองสตูล,1B031,ทำร้ายผู้อื่น/ก่อเหตุรุนแรง (1B031),F90,โรคสมาธิสั้น (F90),1
เมืองสตูล,1B031,ทำร้ายผู้อื่น/ก่อเหตุรุนแรง (1B031),F91,"โรคทางจิตเวชอื่นๆ (F04-F09,F50-F69,F80,F82-F83,F88-F89,F91-F99 ยกเว้น F638,F988)",1
เมืองสตูล,1B031,ทำร้ายผู้อื่น/ก่อเหตุรุนแรง (1B031),G40,โรคลมชัก (G40-G41),1
เมืองสตูล,1B032,หลงผิด มุ่งร้ายเฉพาะเจาะจง (1B032),F15,ติดยาบ้า Amphetamine (F15),2
เมืองสตูล,1B032,หลงผิด มุ่งร้ายเฉพาะเจาะจง (1B032),F19,"ติดสารเสพติดอื่นๆ (F11,F12,F13,F14,F16,F17,F18,F19)",2
เมืองสตูล,1B032,หลงผิด มุ่งร้ายเฉพาะเจาะจง (1B032),F20,โรคจิตเภท (F20),2
เมืองสตูล,1B032,หลงผิด มุ่งร้ายเฉพาะเจาะจง (1B032),F29,โรคจิตอื่นๆ (F21-F29),1
เมืองสตูล,1B033,ก่อคดีอาชญากรรมรุนแรง (1B033),F10,ติดแอลกอฮอล์ (F10),1
เมืองสตูล,1B033,ก่อคดีอาชญากรรมรุนแรง (1B033),F15,ติดยาบ้า Amphetamine (F15),1
เมืองสตูล,1B033,ก่อคดีอาชญากรรมรุนแรง (1B033),F19,"ติดสารเสพติดอื่นๆ (F11,F12,F13,F14,F16,F17,F18,F19)",1
เมืองสตูล,1B033,ก่อคดีอาชญากรรมรุนแรง (1B033),F20,โรคจิตเภท (F20),1
เมืองสตูล,1B033,ก่อคดีอาชญากรรมรุนแรง (1B033),F29,โรคจิตอื่นๆ (F21-F29),1
เมืองสตูล,1B036,พบว่าปกติ (1B036),F09,"โรคทางจิตเวชอื่นๆ (F04-F09,F50-F69,F80,F82-F83,F88-F89,F91-F99 ยกเว้น F638,F988)",1
เมืองสตูล,1B036,พบว่าปกติ (1B036),F12,"ติดสารเสพติดอื่นๆ (F11,F12,F13,F14,F16,F17,F18,F19)",1
เมืองสตูล,1B036,พบว่าปกติ (1B036),F15,ติดยาบ้า Amphetamine (F15),14
เมืองสตูล,1B036,พบว่าปกติ (1B036),F19,"ติดสารเสพติดอื่นๆ (F11,F12,F13,F14,F16,F17,F18,F19)",17
เมืองสตูล,1B036,พบว่าปกติ (1B036),F20,โรคจิตเภท (F20),7
เมืองสตูล,1B036,พบว่าปกติ (1B036),F29,โรคจิตอื่นๆ (F21-F29),12
เมืองสตูล,1B036,พบว่าปกติ (1B036),F32,"โรคซึมเศร้า (F32,F33,F341,F38,F39)",3
เมืองสตูล,1B037,ก่อเหตุรุนแรงแล้ว ได้รับการติดตาม (1B037),F09,"โรคทางจิตเวชอื่นๆ (F04-F09,F50-F69,F80,F82-F83,F88-F89,F91-F99 ยกเว้น F638,F988)",10
เมืองสตูล,1B037,ก่อเหตุรุนแรงแล้ว ได้รับการติดตาม (1B037),F10,ติดแอลกอฮอล์ (F10),3
เมืองสตูล,1B037,ก่อเหตุรุนแรงแล้ว ได้รับการติดตาม (1B037),F12,"ติดสารเสพติดอื่นๆ (F11,F12,F13,F14,F16,F17,F18,F19)",1
เมืองสตูล,1B037,ก่อเหตุรุนแรงแล้ว ได้รับการติดตาม (1B037),F15,ติดยาบ้า Amphetamine (F15),29
เมืองสตูล,1B037,ก่อเหตุรุนแรงแล้ว ได้รับการติดตาม (1B037),F17,"ติดสารเสพติดอื่นๆ (F11,F12,F13,F14,F16,F17,F18,F19)",1
เมืองสตูล,1B037,ก่อเหตุรุนแรงแล้ว ได้รับการติดตาม (1B037),F19,"ติดสารเสพติดอื่นๆ (F11,F12,F13,F14,F16,F17,F18,F19)",33
เมืองสตูล,1B037,ก่อเหตุรุนแรงแล้ว ได้รับการติดตาม (1B037),F20,โรคจิตเภท (F20),20
เมืองสตูล,1B037,ก่อเหตุรุนแรงแล้ว ได้รับการติดตาม (1B037),F23,โรคจิตอื่นๆ (F21-F29),4
เมืองสตูล,1B037,ก่อเหตุรุนแรงแล้ว ได้รับการติดตาม (1B037),F29,โรคจิตอื่นๆ (F21-F29),25
เมืองสตูล,1B037,ก่อเหตุรุนแรงแล้ว ได้รับการติดตาม (1B037),F32,"โรคซึมเศร้า (F32,F33,F341,F38,F39)",4
เมืองสตูล,1B037,ก่อเหตุรุนแรงแล้ว ได้รับการติดตาม (1B037),F33,"โรคซึมเศร้า (F32,F33,F341,F38,F39)",1
เมืองสตูล,1B037,ก่อเหตุรุนแรงแล้ว ได้รับการติดตาม (1B037),F41,โรควิตกกังวล (F40-F48),1
เมืองสตูล,1B037,ก่อเหตุรุนแรงแล้ว ได้รับการติดตาม (1B037),F43,โรควิตกกังวล (F40-F48),1
เมืองสตูล,1B037,ก่อเหตุรุนแรงแล้ว ได้รับการติดตาม (1B037),F51,"โรคทางจิตเวชอื่นๆ (F04-F09,F50-F69,F80,F82-F83,F88-F89,F91-F99 ยกเว้น F638,F988)",3
เมืองสตูล,1B037,ก่อเหตุรุนแรงแล้ว ได้รับการติดตาม (1B037),F54,"โรคทางจิตเวชอื่นๆ (F04-F09,F50-F69,F80,F82-F83,F88-F89,F91-F99 ยกเว้น F638,F988)",1
เมืองสตูล,1B037,ก่อเหตุรุนแรงแล้ว ได้รับการติดตาม (1B037),F55,"โรคทางจิตเวชอื่นๆ (F04-F09,F50-F69,F80,F82-F83,F88-F89,F91-F99 ยกเว้น F638,F988)",3
เมืองสตูล,1B037,ก่อเหตุรุนแรงแล้ว ได้รับการติดตาม (1B037),F70,ความบกพร่องทางสติปัญญา (F70-F79),1
เมืองสตูล,1B037,ก่อเหตุรุนแรงแล้ว ได้รับการติดตาม (1B037),F79,ความบกพร่องทางสติปัญญา (F70-F79),1
เมืองสตูล,1B037,ก่อเหตุรุนแรงแล้ว ได้รับการติดตาม (1B037),F91,"โรคทางจิตเวชอื่นๆ (F04-F09,F50-F69,F80,F82-F83,F88-F89,F91-F99 ยกเว้น F638,F988)",1
เมืองสตูล,1B037,ก่อเหตุรุนแรงแล้ว ได้รับการติดตาม (1B037),G40,โรคลมชัก (G40-G41),2
